{
  "image_path": "C:/Users/BARSANA FAMILY/Pictures/Camera Roll/WIN_20230514_15_06_18_Pro.jpg",
  "detections": [
    {
      "cls": 0,
      "conf": 0.9052630066871643,
      "box": [
        298,
        390,
        1057,
        1073
      ],
      "area": 518397,
      "original_index": 0
    },
    {
      "cls": 0,
      "conf": 0.5446961522102356,
      "box": [
        0,
        6,
        323,
        1064
      ],
      "area": 341734,
      "original_index": 3
    },
    {
      "cls": 0,
      "conf": 0.699782133102417,
      "box": [
        1334,
        664,
        1919,
        1068
      ],
      "area": 236340,
      "original_index": 1
    },
    {
      "cls": 75,
      "conf": 0.6125162839889526,
      "box": [
        1132,
        816,
        1279,
        1043
      ],
      "area": 33369,
      "original_index": 2
    }
  ],
  "selected_boxes": [],
  "box_labels": {
    "0": "Nissin"
  },
  "original_shape": [
    1080,
    1920
  ],
  "timestamp": "2025-07-28T07:47:53"
}