{
  "image_path": "C:/Users/BARSANA FAMILY/Pictures/Camera Roll/WIN_20230620_16_29_09_Pro.jpg",
  "detections": [
    {
      "cls": 0,
      "conf": 0.35949963331222534,
      "box": [
        604,
        467,
        1537,
        1071
      ],
      "area": 563532,
      "original_index": 1
    },
    {
      "cls": 0,
      "conf": 0.3440403342247009,
      "box": [
        1306,
        365,
        1917,
        1065
      ],
      "area": 427700,
      "original_index": 2
    },
    {
      "cls": 56,
      "conf": 0.44370657205581665,
      "box": [
        37,
        787,
        543,
        1073
      ],
      "area": 144716,
      "original_index": 0
    }
  ],
  "selected_boxes": [],
  "box_labels": {},
  "original_shape": [
    1080,
    1920
  ],
  "timestamp": "2025-07-28T07:47:55"
}